scheme_id,document_name,mandatory,issued_by,remarks,official_source,verification_status,display_order,document_description
1,Identity Proof,Yes,Various Government Bodies,"Examples: Aadhaar, PAN, Voter ID",https://www.myscheme.gov.in/schemes/mcfnsfdc,Verified Official,1,"Government-issued identity document used to verify the applicant."
1,Address Proof,Yes,Local Authority,"Examples: Utility bill, Ration Card",https://www.myscheme.gov.in/schemes/mcfnsfdc,Verified Official,2,"Document verifying the current residential address of the applicant."
1,Caste Certificate,Yes,State Government,Required for SC beneficiaries,https://www.myscheme.gov.in/schemes/mcfnsfdc,Verified Official,3,"Certificate issued by competent authority proving belonging to SC/ST/OBC category."
1,Income Certificate,Yes,Local Authority,Latest income certificate,https://www.myscheme.gov.in/schemes/mcfnsfdc,Verified Official,4,"Certificate showing the applicant's annual family income issued by the competent authority."
1,Project Report,Yes,Applicant,Required for viable business projects,https://nsfdc.nic.in/,Verified Official,6,"Brief proposal describing the business, estimated cost, and expected income."
1,Bank Account Details,Yes,Bank,For loan disbursement,https://www.myscheme.gov.in/schemes/mcfnsfdc,Verified Official,7,"Bank passbook or statement showing the applicant's active bank account."
1,Passport Size Photograph,Yes,Applicant,Recent photograph,https://www.myscheme.gov.in/schemes/mcfnsfdc,Verified Official,8,"Recent passport-sized photograph of the applicant."
2,Identity Proof,Yes,Various Government Bodies,"Examples: Aadhaar, PAN, Voter ID",https://www.myscheme.gov.in/schemes/mcfnsfdc,Verified Official,1,"Government-issued identity document used to verify the applicant."
2,Address Proof,Yes,Local Authority,"Examples: Utility bill, Ration Card",https://www.myscheme.gov.in/schemes/mcfnsfdc,Verified Official,2,"Document verifying the current residential address of the applicant."
2,Caste Certificate,Yes,State Government,Required for SC beneficiaries,https://www.myscheme.gov.in/schemes/mcfnsfdc,Verified Official,3,"Certificate issued by competent authority proving belonging to SC/ST/OBC category."
2,Income Certificate,Yes,Local Authority,Latest income certificate,https://www.myscheme.gov.in/schemes/mcfnsfdc,Verified Official,4,"Certificate showing the applicant's annual family income issued by the competent authority."
2,Bank Account Details,Yes,Bank,For loan disbursement,https://www.myscheme.gov.in/schemes/mcfnsfdc,Verified Official,7,"Bank passbook or statement showing the applicant's active bank account."
2,Passport Size Photograph,Yes,Applicant,Recent photograph,https://www.myscheme.gov.in/schemes/mcfnsfdc,Verified Official,8,"Recent passport-sized photograph of the applicant."
3,Identity Proof,Yes,Various Government Bodies,"Examples: Aadhaar, PAN, Voter ID",https://www.myscheme.gov.in/schemes/cbssc-msy,Verified Official,1,"Government-issued identity document used to verify the applicant."
3,Address Proof,Yes,Local Authority,"Examples: Utility bill, Ration Card",https://www.myscheme.gov.in/schemes/cbssc-msy,Verified Official,2,"Document verifying the current residential address of the applicant."
3,Caste Certificate,No,State Government,Only if applicable,https://www.myscheme.gov.in/schemes/cbssc-msy,Verified Official,3,"Certificate issued by competent authority proving belonging to SC/ST/OBC category."
3,Income Certificate,Yes,Local Authority,From a competent authority,https://www.myscheme.gov.in/schemes/cbssc-msy,Verified Official,4,"Certificate showing the applicant's annual family income issued by the competent authority."
3,SHG Membership ID,No,SHG / Local Authority,Only if applicable,https://www.myscheme.gov.in/schemes/cbssc-msy,Verified Official,9,"Identity card proving membership in a Self-Help Group."
3,Bank Account Details,Yes,Bank,For loan disbursement,https://www.myscheme.gov.in/schemes/cbssc-msy,Verified Official,7,"Bank passbook or statement showing the applicant's active bank account."
3,Passport Size Photograph,Yes,Applicant,Recent photograph,https://www.myscheme.gov.in/schemes/cbssc-msy,Verified Official,8,"Recent passport-sized photograph of the applicant."
4,Identity Proof,Yes,Various Government Bodies,"Examples: Aadhaar, PAN, Voter ID",https://www.myscheme.gov.in/schemes/mcfnsfdc,Verified Official,1,"Government-issued identity document used to verify the applicant."
4,Caste Certificate,Yes,State Government,Required for SC beneficiaries,https://www.myscheme.gov.in/schemes/mcfnsfdc,Verified Official,3,"Certificate issued by competent authority proving belonging to SC/ST/OBC category."
4,Income Certificate,Yes,Local Authority,Latest income certificate,https://www.myscheme.gov.in/schemes/mcfnsfdc,Verified Official,4,"Certificate showing the applicant's annual family income issued by the competent authority."
4,Artisan Identity Card,Yes,Handicrafts Department,Mandatory for SC artisans,https://nsfdc.nic.in/,Verified Official,9,"Identity card issued by the Handicrafts Department for SC artisans."
4,Bank Account Details,Yes,Bank,For loan disbursement,https://www.myscheme.gov.in/schemes/mcfnsfdc,Verified Official,7,"Bank passbook or statement showing the applicant's active bank account."
4,Passport Size Photograph,Yes,Applicant,Recent photograph,https://www.myscheme.gov.in/schemes/mcfnsfdc,Verified Official,8,"Recent passport-sized photograph of the applicant."
5,Identity Proof,Yes,Various Government Bodies,"Examples: Aadhaar, PAN, Voter ID",https://www.myscheme.gov.in/schemes/mcfnsfdc,Verified Official,1,"Government-issued identity document used to verify the applicant."
5,Address Proof,Yes,Local Authority,"Examples: Utility bill, Ration Card",https://www.myscheme.gov.in/schemes/mcfnsfdc,Verified Official,2,"Document verifying the current residential address of the applicant."
5,Caste Certificate,Yes,State Government,Required for SC beneficiaries,https://www.myscheme.gov.in/schemes/mcfnsfdc,Verified Official,3,"Certificate issued by competent authority proving belonging to SC/ST/OBC category."
5,Income Certificate,Yes,Local Authority,Latest income certificate,https://www.myscheme.gov.in/schemes/mcfnsfdc,Verified Official,4,"Certificate showing the applicant's annual family income issued by the competent authority."
5,Project Report,Yes,Applicant,Required for viable business projects,https://nsfdc.nic.in/,Verified Official,6,"Brief proposal describing the business, estimated cost, and expected income."
5,Bank Account Details,Yes,Bank,For loan disbursement,https://www.myscheme.gov.in/schemes/mcfnsfdc,Verified Official,7,"Bank passbook or statement showing the applicant's active bank account."
5,Passport Size Photograph,Yes,Applicant,Recent photograph,https://www.myscheme.gov.in/schemes/mcfnsfdc,Verified Official,8,"Recent passport-sized photograph of the applicant."
6,Identity Proof,Yes,Various Government Bodies,"Examples: Aadhaar, PAN, Voter ID",https://www.myscheme.gov.in/schemes/els-nsfdc,Verified Official,1,"Government-issued identity document used to verify the applicant."
6,Address Proof,Yes,Local Authority,"Examples: Utility bill, Ration Card",https://www.myscheme.gov.in/schemes/els-nsfdc,Verified Official,2,"Document verifying the current residential address of the applicant."
6,Caste Certificate,Yes,State Government,Required for SC beneficiaries,https://www.myscheme.gov.in/schemes/els-nsfdc,Verified Official,3,"Certificate issued by competent authority proving belonging to SC/ST/OBC category."
6,Income Certificate,Yes,Local Authority,Latest income certificate,https://www.myscheme.gov.in/schemes/els-nsfdc,Verified Official,4,"Certificate showing the applicant's annual family income issued by the competent authority."
6,Educational Documents,Yes,Educational Institution,"Marksheets, admission letter, fee structure",https://www.myscheme.gov.in/schemes/els-nsfdc,Verified Official,5,"Marksheets, admission letter, or fee structure proving enrollment or qualification."
6,Valid Passport,No,Government of India,Required only for study abroad,https://www.myscheme.gov.in/schemes/els-nsfdc,Verified Official,9,"Official travel document required for students studying abroad."
6,Valid Visa/Permit,No,Government of India,Required only for study abroad,https://www.myscheme.gov.in/schemes/els-nsfdc,Verified Official,9,"Official visa or study permit required for students studying abroad."
6,Bank Account Details,Yes,Bank,For loan disbursement,https://www.myscheme.gov.in/schemes/els-nsfdc,Verified Official,7,"Bank passbook or statement showing the applicant's active bank account."
6,Passport Size Photograph,Yes,Applicant,Recent photograph,https://www.myscheme.gov.in/schemes/els-nsfdc,Verified Official,8,"Recent passport-sized photograph of the applicant."
7,Identity Proof,Yes,Various Government Bodies,"Examples: Aadhaar, PAN, Voter ID",https://www.myscheme.gov.in/schemes/els-nsfdc,Verified Official,1,"Government-issued identity document used to verify the applicant."
7,Address Proof,Yes,Local Authority,"Examples: Utility bill, Ration Card",https://www.myscheme.gov.in/schemes/els-nsfdc,Verified Official,2,"Document verifying the current residential address of the applicant."
7,Caste Certificate,Yes,State Government,Required for SC beneficiaries,https://www.myscheme.gov.in/schemes/els-nsfdc,Verified Official,3,"Certificate issued by competent authority proving belonging to SC/ST/OBC category."
7,Income Certificate,Yes,Local Authority,Latest income certificate,https://www.myscheme.gov.in/schemes/els-nsfdc,Verified Official,4,"Certificate showing the applicant's annual family income issued by the competent authority."
7,Educational Documents,Yes,Educational Institution,Proof of enrollment in vocational course,https://www.myscheme.gov.in/schemes/els-nsfdc,Verified Official,5,"Marksheets, admission letter, or fee structure proving enrollment or qualification."
7,Bank Account Details,Yes,Bank,For loan disbursement,https://www.myscheme.gov.in/schemes/els-nsfdc,Verified Official,7,"Bank passbook or statement showing the applicant's active bank account."
7,Passport Size Photograph,Yes,Applicant,Recent photograph,https://www.myscheme.gov.in/schemes/els-nsfdc,Verified Official,8,"Recent passport-sized photograph of the applicant."
8,Identity Proof,Yes,Various Government Bodies,"Examples: Aadhaar, PAN, Voter ID",https://www.myscheme.gov.in/schemes/mcfnsfdc,Verified Official,1,"Government-issued identity document used to verify the applicant."
8,Address Proof,Yes,Local Authority,"Examples: Utility bill, Ration Card",https://www.myscheme.gov.in/schemes/mcfnsfdc,Verified Official,2,"Document verifying the current residential address of the applicant."
8,Caste Certificate,Yes,State Government,Required for SC beneficiaries,https://www.myscheme.gov.in/schemes/mcfnsfdc,Verified Official,3,"Certificate issued by competent authority proving belonging to SC/ST/OBC category."
8,Income Certificate,Yes,Local Authority,Latest income certificate,https://www.myscheme.gov.in/schemes/mcfnsfdc,Verified Official,4,"Certificate showing the applicant's annual family income issued by the competent authority."
8,Project Report,Yes,Applicant,Required for viable green business projects,https://nsfdc.nic.in/,Verified Official,6,"Brief proposal describing the business, estimated cost, and expected income."
8,Bank Account Details,Yes,Bank,For loan disbursement,https://www.myscheme.gov.in/schemes/mcfnsfdc,Verified Official,7,"Bank passbook or statement showing the applicant's active bank account."
8,Passport Size Photograph,Yes,Applicant,Recent photograph,https://www.myscheme.gov.in/schemes/mcfnsfdc,Verified Official,8,"Recent passport-sized photograph of the applicant."
9,Identity Proof,Yes,Various Government Bodies,"Examples: Aadhaar, PAN, Voter ID",https://www.myscheme.gov.in/schemes/mcfnsfdc,Verified Official,1,"Government-issued identity document used to verify the applicant."
9,Address Proof,Yes,Local Authority,"Examples: Utility bill, Ration Card",https://www.myscheme.gov.in/schemes/mcfnsfdc,Verified Official,2,"Document verifying the current residential address of the applicant."
9,Caste Certificate,Yes,State Government,Required for SC beneficiaries,https://www.myscheme.gov.in/schemes/mcfnsfdc,Verified Official,3,"Certificate issued by competent authority proving belonging to SC/ST/OBC category."
9,Income Certificate,Yes,Local Authority,Latest income certificate,https://www.myscheme.gov.in/schemes/mcfnsfdc,Verified Official,4,"Certificate showing the applicant's annual family income issued by the competent authority."
9,Bank Account Details,Yes,Bank,For loan disbursement,https://www.myscheme.gov.in/schemes/mcfnsfdc,Verified Official,7,"Bank passbook or statement showing the applicant's active bank account."
9,Passport Size Photograph,Yes,Applicant,Recent photograph,https://www.myscheme.gov.in/schemes/mcfnsfdc,Verified Official,8,"Recent passport-sized photograph of the applicant."
10,Identity Proof,Yes,Various Government Bodies,"Examples: Aadhaar, PAN, Voter ID",https://www.myscheme.gov.in/schemes/mcfnsfdc,Verified Official,1,"Government-issued identity document used to verify the applicant."
10,Address Proof,Yes,Local Authority,"Examples: Utility bill, Ration Card",https://www.myscheme.gov.in/schemes/mcfnsfdc,Verified Official,2,"Document verifying the current residential address of the applicant."
10,Caste Certificate,Yes,State Government,Required for SC beneficiaries,https://www.myscheme.gov.in/schemes/mcfnsfdc,Verified Official,3,"Certificate issued by competent authority proving belonging to SC/ST/OBC category."
10,Income Certificate,Yes,Local Authority,Latest income certificate,https://www.myscheme.gov.in/schemes/mcfnsfdc,Verified Official,4,"Certificate showing the applicant's annual family income issued by the competent authority."
10,Project Report,Yes,Applicant,Required for viable mid-sized enterprise projects,https://nsfdc.nic.in/,Verified Official,6,"Brief proposal describing the business, estimated cost, and expected income."
10,Bank Account Details,Yes,Bank,For loan disbursement,https://www.myscheme.gov.in/schemes/mcfnsfdc,Verified Official,7,"Bank passbook or statement showing the applicant's active bank account."
10,Passport Size Photograph,Yes,Applicant,Recent photograph,https://www.myscheme.gov.in/schemes/mcfnsfdc,Verified Official,8,"Recent passport-sized photograph of the applicant."
11,Identity Proof,Yes,Various Government Bodies,"Examples: Voter ID, Passport, Driving License, PAN",https://www.myscheme.gov.in/schemes/sui,Verified Official,1,"Government-issued identity document used to verify the applicant."
11,Address Proof,Yes,Various Government Bodies,"Examples: Utility bills, Passport, Voter ID",https://www.myscheme.gov.in/schemes/sui,Verified Official,2,"Document verifying the current residential address of the applicant."
11,Proof of Business Address,Yes,Local Authority,Address verification for the enterprise,https://www.myscheme.gov.in/schemes/sui,Verified Official,9,"Document verifying the address of the proposed business premises."
11,Proof of Non-Defaulter Status,Yes,Bank,From any Bank / Financial Institution,https://www.myscheme.gov.in/schemes/sui,Verified Official,9,"Certificate from a bank confirming the applicant is not a defaulter."
11,SSI / MSME Registration,No,Udyam Registration Portal,If applicable,https://www.myscheme.gov.in/schemes/sui,Verified Official,9,"Udyam Registration certificate for MSME classification."
11,Caste Certificate,No,State Government,Wherever applicable for SC/ST,https://www.myscheme.gov.in/schemes/sui,Verified Official,3,"Certificate issued by competent authority proving belonging to SC/ST/OBC category."
11,Project Report,No,Applicant,Required if term funding is required,https://www.myscheme.gov.in/schemes/sui,Verified Official,6,"Brief proposal describing the business, estimated cost, and expected income."
11,Bank Account Details,Yes,Bank,For loan disbursement,https://www.myscheme.gov.in/schemes/sui,Verified Official,7,"Bank passbook or statement showing the applicant's active bank account."
11,Passport Size Photograph,Yes,Applicant,Recent photograph,https://www.myscheme.gov.in/schemes/sui,Verified Official,8,"Recent passport-sized photograph of the applicant."
12,Identity Proof,Yes,Various Government Bodies,"Examples: Aadhaar, PAN",https://www.kvic.org.in/,Cross Verified,1,"Government-issued identity document used to verify the applicant."
12,Address Proof,Yes,Local Authority,Address verification,https://www.kvic.org.in/,Cross Verified,2,"Document verifying the current residential address of the applicant."
12,Caste Certificate,No,State Government,Wherever required,https://www.myscheme.gov.in/schemes/pmegp,Verified Official,3,"Certificate issued by competent authority proving belonging to SC/ST/OBC category."
12,Special Category Certificate,No,State Government,Wherever required,https://www.myscheme.gov.in/schemes/pmegp,Verified Official,9,"Certificate proving eligibility under special categories like rural area or specific minorities."
12,Rural Area Certificate,No,Local Authority,Wherever required,https://www.myscheme.gov.in/schemes/pmegp,Verified Official,9,"Certificate proving the proposed business is located in a rural area."
12,Education / EDP / Skill Training Certificate,Yes,Educational Institution / Training Center,Proof of training completion,https://www.myscheme.gov.in/schemes/pmegp,Verified Official,9,"Certificate proving completion of Entrepreneurship or Skill Development training."
12,Project Report,Yes,Applicant,Mandatory for assessing project viability,https://www.myscheme.gov.in/schemes/pmegp,Verified Official,6,"Brief proposal describing the business, estimated cost, and expected income."
12,Bank Account Details,Yes,Bank,For loan disbursement,https://www.kvic.org.in/,Cross Verified,7,"Bank passbook or statement showing the applicant's active bank account."
12,Passport Size Photograph,Yes,Applicant,Recent photograph,https://www.kvic.org.in/,Cross Verified,8,"Recent passport-sized photograph of the applicant."
13,Identity Proof,Yes,Various Government Bodies,"Examples: Aadhaar, PAN, Voter ID",https://www.mudra.org.in/,Needs Manual Verification,1,"Government-issued identity document used to verify the applicant."
13,Address Proof,Yes,Various Government Bodies,"Examples: Utility bills, Rental agreement",https://www.mudra.org.in/,Needs Manual Verification,2,"Document verifying the current residential address of the applicant."
13,Bank Account Details,Yes,Bank,For loan disbursement,https://www.mudra.org.in/,Needs Manual Verification,7,"Bank passbook or statement showing the applicant's active bank account."
13,Passport Size Photograph,Yes,Applicant,Recent photograph,https://www.mudra.org.in/,Needs Manual Verification,8,"Recent passport-sized photograph of the applicant."
14,Identity Proof,Yes,Various Government Bodies,"Examples: Aadhaar, PAN, Voter ID",https://www.mudra.org.in/,Needs Manual Verification,1,"Government-issued identity document used to verify the applicant."
14,Address Proof,Yes,Various Government Bodies,"Examples: Utility bills, Rental agreement",https://www.mudra.org.in/,Needs Manual Verification,2,"Document verifying the current residential address of the applicant."
14,Bank Account Details,Yes,Bank,For loan disbursement,https://www.mudra.org.in/,Needs Manual Verification,7,"Bank passbook or statement showing the applicant's active bank account."
14,Passport Size Photograph,Yes,Applicant,Recent photograph,https://www.mudra.org.in/,Needs Manual Verification,8,"Recent passport-sized photograph of the applicant."
14,SSI / MSME Registration,No,Udyam Registration Portal,May be required for growing businesses,https://www.mudra.org.in/,Needs Manual Verification,9,"Udyam Registration certificate for MSME classification."
15,Identity Proof,Yes,Various Government Bodies,"Examples: Aadhaar, PAN, Voter ID",https://www.mudra.org.in/,Needs Manual Verification,1,"Government-issued identity document used to verify the applicant."
15,Address Proof,Yes,Various Government Bodies,"Examples: Utility bills, Rental agreement",https://www.mudra.org.in/,Needs Manual Verification,2,"Document verifying the current residential address of the applicant."
15,Bank Account Details,Yes,Bank,For loan disbursement,https://www.mudra.org.in/,Needs Manual Verification,7,"Bank passbook or statement showing the applicant's active bank account."
15,Passport Size Photograph,Yes,Applicant,Recent photograph,https://www.mudra.org.in/,Needs Manual Verification,8,"Recent passport-sized photograph of the applicant."
15,SSI / MSME Registration,Yes,Udyam Registration Portal,Required for established businesses,https://www.mudra.org.in/,Needs Manual Verification,9,"Udyam Registration certificate for MSME classification."
15,GST Registration Certificate,No,GST Network,May be required for larger loans,https://www.mudra.org.in/,Needs Manual Verification,9,"GST registration certificate for tax compliance."
16,Identity Proof,Yes,Various Government Bodies,"Examples: Aadhaar, Voter ID",https://www.myscheme.gov.in/schemes/pm-svanidhi,Verified Official,1,"Government-issued identity document used to verify the applicant."
16,Certificate of Vending,Yes,Municipal Authority / Local Body,Proof of status as a street vendor,https://www.myscheme.gov.in/schemes/pm-svanidhi,Verified Official,9,"Certificate or letter of recommendation from the local body proving street vendor status."
16,Bank Account Details,Yes,Bank,For loan disbursement,https://pmsvanidhi.mohua.gov.in/,Verified Official,7,"Bank passbook or statement showing the applicant's active bank account."
16,Passport Size Photograph,Yes,Applicant,For application form,https://www.myscheme.gov.in/schemes/pm-svanidhi,Verified Official,8,"Recent passport-sized photograph of the applicant."
17,Identity Proof,Yes,UIDAI,Mandatory for registration,https://www.myscheme.gov.in/schemes/pmv,Verified Official,1,"Government-issued identity document used to verify the applicant."
17,Ration Card,Yes,Local Municipal / Agriculture Department,Mandatory for registration,https://www.myscheme.gov.in/schemes/pmv,Verified Official,9,"Government-issued ration card used for additional identity and family verification."
17,Bank Account Details,Yes,Bank,Required for disbursement,https://www.myscheme.gov.in/schemes/pmv,Verified Official,7,"Bank passbook or statement showing the applicant's active bank account."