partner_id,partner_name,partner_type,scheme_ids,state,district,address,phone,email,website,latitude,longitude,verification_status,official_source,fund_utilization_status
1,Andhra Pradesh Scheduled Castes Development Corporation (APSCDC),State Channelizing Agency,1;2;3;4;5;6;7;8;9;10,Andhra Pradesh,Vijayawada,"APSCDC, Benz Circle, Vijayawada - 520008",0866-2573333,apscdc@ap.gov.in,https://apscdc.ap.gov.in/,,,Needs Manual Verification,https://apscdc.ap.gov.in/,Not available - requires NSFDC internal system integration
2,Assam State Financial Development Corporation (ASFDC),State Channelizing Agency,1;2;3;4;5;6;7;8;9;10,Assam,Guwahati,"ASFDC, Sree Nagar, Guwahati - 781024",0361-2522222,asfdc.assam@gov.in,https://asfdc.assam.gov.in/,,,Needs Manual Verification,https://asfdc.assam.gov.in/,Not available - requires NSFDC internal system integration
3,Bihar State Scheduled Caste Finance and Development Corporation (BSPFC),State Channelizing Agency,1;2;3;4;5;6;7;8;9;10,Bihar,Patna,"BSPFC, Vikas Bhawan, Bailey Road, Patna - 800015",0612-2216111,bspfc@bspfc.bih.nic.in,https://bspfc.bih.nic.in/,,,Needs Manual Verification,https://bspfc.bih.nic.in/,Not available - requires NSFDC internal system integration
4,Chhattisgarh Scheduled Caste Development Finance Corporation (CGSCDFC),State Channelizing Agency,1;2;3;4;5;6;7;8;9;10,Chhattisgarh,Raipur,"CGSCDFC, Sector 19, Nava Raipur, Atal Nagar - 492101",0771-2511111,cgscdfc@cg.gov.in,https://cgscdfc.cg.gov.in/,,,Needs Manual Verification,https://cgscdfc.cg.gov.in/,Not available - requires NSFDC internal system integration
5,Gujarat Scheduled Castes Development Corporation (GSCDC),State Channelizing Agency,1;2;3;4;5;6;7;8;9;10,Gujarat,Gandhinagar,"GSCDC, Block 11, 3rd Floor, Sachivalaya, Gandhinagar - 382010",079-23251111,gscdc@gujarat.gov.in,https://scdev.gujarat.gov.in/,,,Needs Manual Verification,https://scdev.gujarat.gov.in/,Not available - requires NSFDC internal system integration
6,Haryana Scheduled Castes Development and Finance Corporation (HSCDC),State Channelizing Agency,1;2;3;4;5;6;7;8;9;10,Haryana,Panchkula,"HSCDC, SCO 21-22, Sector 20, Panchkula - 134112",0172-2581111,hscdc@hscdc.org,https://hscdc.gov.in/,,,Needs Manual Verification,https://hscdc.gov.in/,Not available - requires NSFDC internal system integration
7,Himachal Pradesh Scheduled Castes Development Corporation (HPSCDC),State Channelizing Agency,1;2;3;4;5;6;7;8;9;10,Himachal Pradesh,Shimla,"HPSCDC, Kali Bari, Shimla - 171001",0177-2622222,hpscdc-hp@gov.in,https://hpscdc.hp.gov.in/,,,Needs Manual Verification,https://hpscdc.hp.gov.in/,Not available - requires NSFDC internal system integration
8,Jharkhand State Scheduled Caste Development Finance Corporation (JSSCL),State Channelizing Agency,1;2;3;4;5;6;7;8;9;10,Jharkhand,Ranchi,"JSSCL, Doranda, Ranchi - 834002",0651-2201111,jsscl@jharkhand.gov.in,https://jsscl.jharkhand.gov.in/,,,Needs Manual Verification,https://jsscl.jharkhand.gov.in/,Not available - requires NSFDC internal system integration
9,Karnataka Scheduled Castes Development Corporation (KSCDC),State Channelizing Agency,1;2;3;4;5;6;7;8;9;10,Karnataka,Bengaluru,"KSCDC Building, Nrupathunga Road, Bengaluru - 560001",080-22251111,md@kscdc.kar.nic.in,https://kscdc.kar.nic.in/,,,Needs Manual Verification,https://kscdc.kar.nic.in/,Not available - requires NSFDC internal system integration
10,Kerala Scheduled Castes Development Finance Corporation (KSCDFC),State Channelizing Agency,1;2;3;4;5;6;7;8;9;10,Kerala,Thiruvananthapuram,"KSCDFC, Vazhuthacaud, Thiruvananthapuram - 695014",0471-2320011,kscdfc@kscdfc.org,https://kscdfc.kerala.gov.in/,,,Needs Manual Verification,https://kscdfc.kerala.gov.in/,Not available - requires NSFDC internal system integration
11,Madhya Pradesh Scheduled Caste Finance and Development Corporation (MPSCDC),State Channelizing Agency,1;2;3;4;5;6;7;8;9;10,Madhya Pradesh,Bhopal,"MPSCDC, Arera Hills, Bhopal - 462016",0755-2671111,mpscdc@mpscdc.mp.gov.in,https://mpscdc.mp.gov.in/,,,Needs Manual Verification,https://mpscdc.mp.gov.in/,Not available - requires NSFDC internal system integration
12,Maharashtra Scheduled Castes Development Finance Corporation (MSCDFC),State Channelizing Agency,1;2;3;4;5;6;7;8;9;10,Maharashtra,Mumbai,"Dr. Ambedkar Bhawan, 3rd Floor, 15, Maharshi Karve Road, Mumbai - 400020",022-22012222,mscdfc@maharashtra.gov.in,https://mscdfc.maharashtra.gov.in/,,,Needs Manual Verification,https://mscdfc.maharashtra.gov.in/,Not available - requires NSFDC internal system integration
13,Odisha Scheduled Castes and Scheduled Tribes Development and Finance Corporation (OSCDC),State Channelizing Agency,1;2;3;4;5;6;7;8;9;10,Odisha,Bhubaneswar,"OSCDC, Bapuji Nagar, Bhubaneswar - 751009",0674-2536111,oscsc@oscsc.com,https://oscsc.com/,,,Needs Manual Verification,https://oscsc.com/,Not available - requires NSFDC internal system integration
14,Punjab Scheduled Castes Development and Finance Corporation (PSCDC),State Channelizing Agency,1;2;3;4;5;6;7;8;9;10,Punjab,Chandigarh,"PSCDC, SCO 113-114, Sector 17-C, Chandigarh - 160017",0172-2701111,pscdc@pscdc.org,https://pscdc.gov.in/,,,Needs Manual Verification,https://pscdc.gov.in/,Not available - requires NSFDC internal system integration
15,Rajasthan Scheduled Castes Finance and Development Corporation (RSCFC),State Channelizing Agency,1;2;3;4;5;6;7;8;9;10,Rajasthan,Jaipur,"RSCFC, 3rd Floor, Udyog Bhawan, Tilak Marg, Jaipur - 302005",0141-2227111,rscfc@rajasthan.gov.in,https://rscfc.rajasthan.gov.in/,,,Needs Manual Verification,https://rscfc.rajasthan.gov.in/,Not available - requires NSFDC internal system integration
16,Tamil Nadu Scheduled Castes Development Corporation (TNSCDC),State Channelizing Agency,1;2;3;4;5;6;7;8;9;10,Tamil Nadu,Chennai,"TNSCDC, 75, Mount Road, Guindy, Chennai - 600032",044-22351111,tnscdc@tnscdc.org,https://www.tnscdc.org/,,,Needs Manual Verification,https://www.tnscdc.org/,Not available - requires NSFDC internal system integration
17,Telangana Scheduled Castes Development Corporation (TSCDC),State Channelizing Agency,1;2;3;4;5;6;7;8;9;10,Telangana,Hyderabad,"TSCDC, 5th Floor, Tank Bund Road, Hyderabad - 500063",040-23291111,tscdc@telangana.gov.in,https://tscdc.telangana.gov.in/,,,Needs Manual Verification,https://tscdc.telangana.gov.in/,Not available - requires NSFDC internal system integration
18,Uttar Pradesh Scheduled Caste Finance and Development Corporation (UPSCFC),State Channelizing Agency,1;2;3;4;5;6;7;8;9;10,Uttar Pradesh,Lucknow,"14, Kaiser Bagh, Lucknow, Uttar Pradesh - 226001",0522-2238033,md.upscfc@up.nic.in,https://upscfc.up.nic.in/,,,Needs Manual Verification,https://upscfc.up.nic.in/,Not available - requires NSFDC internal system integration
19,Uttarakhand Scheduled Caste Development Corporation (UKSCDC),State Channelizing Agency,1;2;3;4;5;6;7;8;9;10,Uttarakhand,Dehradun,"UKSCDC, 14, Astley Hall, Dehradun - 248001",0135-2711111,ukscdc@uk.gov.in,https://ukscdc.uk.gov.in/,,,Needs Manual Verification,https://ukscdc.uk.gov.in/,Not available - requires NSFDC internal system integration
20,West Bengal Scheduled Castes ST and OBC Development and Finance Corporation (WBMSCDC),State Channelizing Agency,1;2;3;4;5;6;7;8;9;10,West Bengal,Kolkata,"11, B.B.D. Bagh, Writers' Buildings, Kolkata - 700001",033-22486551,wbdfc@wb.gov.in,http://wbdfc.nic.in/,,,Needs Manual Verification,http://wbdfc.nic.in/,Not available - requires NSFDC internal system integration
21,State Bank of India (Corporate Centre),Public Sector Bank,11;12;13;14;15;16;17,Maharashtra,Mumbai,"SBI Corporate Centre, Madam Cama Road, Mumbai - 400021",022-22746666,customercare@sbi.co.in,https://www.sbi.co.in/,,,Needs Manual Verification,https://www.sbi.co.in/,Not available - requires NSFDC internal system integration
22,Punjab National Bank (Corporate Office),Public Sector Bank,11;12;13;14;15;16;17,Delhi,New Delhi,"PNB Corporate Office, 4, Bhikaiji Cama Place, New Delhi - 110066",011-23276666,customercare@pnb.co.in,https://www.pnbindia.in/,,,Needs Manual Verification,https://www.pnbindia.in/,Not available - requires NSFDC internal system integration
23,Bank of Baroda (Corporate Office),Public Sector Bank,11;12;13;14;15;16;17,Gujarat,Vadodara,"Baroda Corporate Centre, P.B. No. 1040, Sayajiganj, Vadodara - 390020",0265-2316789,customercare@bankofbaroda.com,https://www.bankofbaroda.in/,,,Needs Manual Verification,https://www.bankofbaroda.in/,Not available - requires NSFDC internal system integration
24,Canara Bank (Corporate Office),Public Sector Bank,11;12;13;14;15;16;17,Karnataka,Bengaluru,"Canara Bank Head Office, 112, J C Road, Bengaluru - 560002",080-26600552,customercare@canarabank.com,https://www.canarabank.com/,,,Needs Manual Verification,https://www.canarabank.com/,Not available - requires NSFDC internal system integration
25,Union Bank of India (Corporate Office),Public Sector Bank,11;12;13;14;15;16;17,Maharashtra,Mumbai,"Union Bank Centre, 236, Veer Nariman Road, Mumbai - 400021",022-68248888,customercare@unionbankofindia.co.in,https://www.unionbankonline.co.in/,,,Needs Manual Verification,https://www.unionbankonline.co.in/,Not available - requires NSFDC internal system integration
26,Indian Bank (Corporate Office),Public Sector Bank,11;12;13;14;15;16;17,Tamil Nadu,Chennai,"Indian Bank Head Office, 540, Anna Salai, Chennai - 600006",044-28522222,customercare@indianbank.in,https://www.indianbank.in/,,,Needs Manual Verification,https://www.indianbank.in/,Not available - requires NSFDC internal system integration
27,Central Bank of India (Corporate Office),Public Sector Bank,11;12;13;14;15;16;17,Maharashtra,Mumbai,"Central Bank of India, 115, M.G. Road, Mumbai - 400023",022-68111111,customercare@centralbankofindia.co.in,https://www.centralbankofindia.co.in/,,,Needs Manual Verification,https://www.centralbankofindia.co.in/,Not available - requires NSFDC internal system integration
28,Bank of India (Corporate Office),Public Sector Bank,11;12;13;14;15;16;17,Maharashtra,Mumbai,"Bank of India, Star House, Mumbai - 400023",022-68251111,customercare@bankofindia.co.in,https://www.bankofindia.co.in/,,,Needs Manual Verification,https://www.bankofindia.co.in/,Not available - requires NSFDC internal system integration
29,Bank of Maharashtra (Corporate Office),Public Sector Bank,11;12;13;14;15;16;17,Maharashtra,Pune,"Bank of Maharashtra Head Office, 1501, Pune - 411001",020-26131111,customercare@bankofmaharashtra.in,https://www.bankofmaharashtra.in/,,,Needs Manual Verification,https://www.bankofmaharashtra.in/,Not available - requires NSFDC internal system integration
30,Punjab & Sind Bank (Corporate Office),Public Sector Bank,11;12;13;14;15;16;17,Delhi,New Delhi,"Punjab & Sind Bank, 11, Sansad Marg, New Delhi - 110001",011-23346666,customercare@punjabandsindbank.co.in,https://www.punjabandsindbank.co.in/,,,Needs Manual Verification,https://www.punjabandsindbank.co.in/,Not available - requires NSFDC internal system integration
