scheme_id,name,agency,scheme_type,description,purpose,min_project_cost,max_project_cost,finance_percent,max_loan,interest_rate_min,interest_rate_max,repayment_years,moratorium_months,max_income,eligible_course,source_url,confidence
1,Term Loan,NSFDC,loan,Main business loan for viable SC-entrepreneur projects.,business,140001,5000000,90,4500000,6,8,7,6,300000,,https://nsfdc.nic.in/,"verified - income limit corrected from Rs 5L to Rs 3L this session; some sources give 10yr/12mo instead of 7yr/6mo, used the more commonly cited figure"
2,Micro Credit Finance,NSFDC,loan,Micro finance for small income generating activities for SC beneficiaries.,business,0,140000,90,125000,6.5,6.5,3,3,300000,,https://nsfdc.nic.in/,verified - income limit corrected from Rs 5L to Rs 3L this session
3,Mahila Samriddhi Yojana,NSFDC,loan,Micro-credit exclusively for SC women entrepreneurs.,business,0,140000,90,125000,4,6,4,6,300000,,https://nsfdc.nic.in/,"moderate - sources disagree on exact rate (4-12 percent seen depending on channel partner type), used the more commonly cited concessional range"
4,Shilpi Samriddhi Yojana,NSFDC,loan,For SC artisans holding a Handicrafts Dept-issued Artisan Identity Card.,business,0,140000,90,125000,6,6,3,6,300000,,https://nsfdc.nic.in/,"needs_check - eligibility (Artisan ID card requirement) confirmed from official FAQ, but loan/interest figures are an estimate based on similar NSFDC schemes, not independently found"
5,Laghu Vyavasaya Yojana,NSFDC,loan,For beneficiaries taking up small business activities needing higher investment than micro-finance covers.,business,140001,200000,90,180000,6,6,6,6,300000,,https://nsfdc.nic.in/,verified
6,Educational Loan Scheme,NSFDC,loan,"Education loans for professional/technical courses, India or abroad.",education,0,4000000,90,4000000,6,7,10,12,300000,"Professional/Technical, full-time",https://nsfdc.nic.in/,"verified - India cap Rs 30L, abroad cap Rs 40L at a slightly higher rate, simplified to one row here"
7,Vocational Education and Training Loan Scheme,NSFDC,loan,Loans for SC youth for vocational/skill training courses up to 2 years.,skill,0,400000,100,400000,3.5,4,5,6,300000,"Vocational/ITI, up to 2 years",https://nsfdc.nic.in/,"verified for rate and loan cap (Rs 4L, 3.5-4 percent to beneficiary); repayment/moratorium period estimated by pattern, not independently confirmed"
8,Green Business Scheme,NSFDC,loan,"For environmentally sustainable livelihoods - EVs, solar, and similar.",business,0,3000000,90,2700000,6,6,7,6,300000,,https://nsfdc.nic.in/,"moderate - loan cap (Rs 30L, 90 percent financed) and income limit verified; interest/repayment/moratorium are estimates by pattern"
9,Aajeevika Microfinance Yojana,NSFDC,loan,Micro finance via NBFC-MFIs for small/micro business activities.,business,0,140000,90,125000,10,11,4,6,300000,,https://nsfdc.nic.in/,"needs_check - sources conflict meaningfully on unit cost (Rs 60,000 vs Rs 1,40,000) and rate (4 percent vs 11-15 percent); this is the least reliable row in the set, worth a direct check against nsfdc.nic.in before use"
10,Udyam Nidhi Yojana,NSFDC,loan,Mid-sized enterprise loan bridging micro-finance and a full term loan.,business,0,500000,90,450000,13,15,5,6,300000,,https://nsfdc.nic.in/,verified - income limit corrected from Rs 5L to Rs 3L this session
11,Stand-Up India (SC/ST/Women),Govt of India / SIDBI,loan,Bank loans for greenfield enterprises by SC/ST/Women entrepreneurs.,business,1000000,10000000,80,10000000,9,11,7,18,0,,https://www.standupmitra.in/,"needs_check - generic scheme figures, NSFDC also lists this as one of its channeled schemes but scheme-specific NSFDC terms not separately confirmed"
12,PMEGP,KVIC / MSME,subsidy,"Credit-linked subsidy for new micro-enterprises; bank loan plus government margin-money subsidy, not a fixed-rate NSFDC-style loan.",business,0,2000000,15,2000000,8,12,7,6,0,,https://www.kvic.nic.in/,"verified structure - interest is bank-set (8-12 percent typical) not government-fixed; subsidy 15-35 percent of cost by category/location; project cost cap is Rs 20L for service/business, Rs 50L for manufacturing specifically, simplified to the lower figure here"
13,PM Mudra Yojana - Shishu,MUDRA / Banks,loan,"Loans up to Rs 50,000 for nascent businesses.",business,0,50000,100,50000,9,14,5,6,0,,https://www.mudra.org.in/,"needs_check - bank-variable rate, not independently verified this session"
14,PM Mudra Yojana - Kishor,MUDRA / Banks,loan,"Loans from Rs 50,001 to Rs 5,00,000 for growing businesses.",business,50001,500000,100,500000,9,14,5,6,0,,https://www.mudra.org.in/,"needs_check - bank-variable rate, not independently verified this session"
15,PM Mudra Yojana - Tarun,MUDRA / Banks,loan,"Loans from Rs 5,00,001 to Rs 10,00,000 for established businesses.",business,500001,1000000,100,1000000,9,14,5,6,0,,https://www.mudra.org.in/,"needs_check - bank-variable rate, not independently verified this session"
16,PM SVANidhi,MoHUA / Banks,loan,Working capital loan for street vendors.,business,0,50000,100,50000,7,7,1,0,0,,https://pmsvanidhi.mohua.gov.in/,needs_check - not independently verified this session
17,PM Vishwakarma Enterprise Dev Loan,MoMSME / Banks,loan,Second-tranche enterprise development loan for traditional artisans.,business,0,200000,100,200000,5,5,4,0,0,,https://pmvishwakarma.gov.in/,needs_check - not independently verified this session
